,word,freq_dep,freq_nonDep
0,abandoned,1,0
1,abandonment,1,0
2,ability,1,0
3,able,7,11
4,abort,2,0
5,absent,1,0
6,absolute,1,0
7,absolutely,8,5
8,abuse,10,0
9,abused,4,0
10,abuser,1,1
11,abusing,1,0
12,abusive,1,0
13,academic,0,1
14,accept,2,1
15,access,1,0
16,accident,0,3
17,accomplishes,1,0
18,accomplishment,1,0
19,accounting,0,1
20,accurate,1,0
21,ache,1,0
22,acheat,1,0
23,achieve,0,1
24,aching,1,0
25,acknowledge,1,0
26,across,0,2
27,act,2,0
28,action,1,0
29,active,1,1
30,actively,2,0
31,actual,1,1
32,actually,18,4
33,add,1,0
34,added,1,0
35,addict,1,1
36,addicted,1,0
37,addicting,1,0
38,addiction,6,1
39,adding,2,0
40,address,0,1
41,addressed,1,0
42,adhd,9,0
43,adjusted,0,1
44,admin,0,1
45,admit,4,0
46,admitted,1,1
47,admitting,1,0
48,adopted,0,2
49,adorable,0,1
50,adore,0,1
51,adult,1,2
52,advanced,1,0
53,advantage,2,0
54,advice,6,1
55,advised,0,1
56,advocate,1,0
57,affair,0,1
58,affect,3,0
59,affecting,2,0
60,affectionate,0,1
61,afford,0,1
62,affordable,0,1
63,afraid,7,0
64,african,1,0
65,afternoon,0,1
66,afterwards,1,0
67,age,2,0
68,ago,35,12
69,agoraphobia,1,0
70,agree,1,0
71,agreed,1,0
72,ahead,1,2
73,ahs,1,0
74,aint,1,1
75,air,2,0
76,airbnb,0,1
77,al,1,1
78,alcohol,2,0
79,alcoholic,1,0
80,alienated,1,0
81,alive,0,2
82,allowed,2,3
83,allowing,0,1
84,almost,17,4
85,alone,12,0
86,along,1,3
87,alongside,0,1
88,alot,0,1
89,already,7,3
90,alright,1,0
91,also,34,10
92,alt,0,1
93,altered,3,0
94,although,8,1
95,altogeth,0,1
96,altogether,1,0
97,always,21,10
98,amazing,5,7
99,amazingly,0,1
100,ambien,2,0
101,america,0,1
102,american,1,1
103,amid,2,0
104,among,1,0
105,amongst,1,0
106,amount,6,2
107,anger,4,0
108,angry,6,0
109,angus,2,0
110,anhedonia,1,0
111,anhedonic,1,0
112,animal,0,2
113,ankle,9,0
114,anniversary,0,1
115,announced,0,1
116,announcing,1,0
117,annoying,1,0
118,annual,0,1
119,anorexia,3,1
120,anorexic,2,0
121,another,3,4
122,antidepressant,4,2
123,antidepressent,1,0
124,anxiety,52,5
125,anxietydepression,1,0
126,anxious,4,2
127,anybody,1,0
128,anymore,23,2
129,anyone,36,1
130,anything,44,3
131,anyway,5,2
132,anyways,3,1
133,anywhere,1,0
134,aok,0,1
135,apart,5,0
136,apartment,0,1
137,apologize,0,1
138,apologized,1,0
139,app,2,0
140,apparently,4,0
141,appear,1,0
142,appearance,1,0
143,appeared,0,1
144,appease,1,0
145,appetite,1,1
146,apple,0,1
147,apply,1,0
148,appointment,9,0
149,appreciate,2,1
150,appreciated,1,1
151,appreciates,1,1
152,appreciative,0,1
153,approach,1,1
154,approve,1,0
155,april,0,2
156,area,2,0
157,arent,3,1
158,arm,18,0
159,around,20,4
160,arrangement,1,0
161,arrow,1,0
162,art,1,2
163,article,1,0
164,artificial,0,1
165,artist,0,1
166,ashamed,1,0
167,ask,5,2
168,asked,4,4
169,asking,2,0
170,asleep,5,1
171,aslo,0,1
172,asocial,1,0
173,aspect,4,0
174,aspergers,1,0
175,aspiration,0,1
176,assault,2,0
177,assaulted,1,0
178,assaulting,1,0
179,assessment,0,1
180,asshole,1,0
181,associated,1,0
182,assume,3,0
183,assuming,2,0
184,ate,1,0
185,ativan,1,0
186,atleast,0,1
187,atm,1,0
188,atmosphere,0,1
189,attached,1,0
190,attachment,1,0
191,attack,8,1
192,attacked,2,0
193,attacking,1,0
194,attempt,6,1
195,attempted,3,0
196,attemptedhappened,0,1
197,attend,1,0
198,attendance,1,0
199,attending,1,0
200,attention,8,0
201,attitude,0,2
202,auction,0,1
203,audience,0,1
204,auditory,2,0
205,aunt,0,1
206,australia,1,0
207,australian,0,1
208,automatic,1,0
209,autonomy,1,0
210,averaging,1,0
211,avoid,2,0
212,avoiding,1,0
213,awake,1,1
214,aware,1,1
215,away,17,2
216,awesome,0,2
217,awful,3,2
218,awhile,0,1
219,awkward,2,1
220,babble,1,0
221,baby,2,7
222,back,35,10
223,background,1,0
224,bad,47,1
225,badly,5,0
226,bae,0,1
227,bag,1,1
228,balanced,1,0
229,ball,1,1
230,balloon,0,2
231,band,0,2
232,bang,1,0
233,bappy,0,2
234,barely,7,0
235,barnes,0,1
236,barrier,0,1
237,basic,1,0
238,basically,9,0
239,basis,2,0
240,bat,1,0
241,bath,0,1
242,bathroom,1,0
243,batman,1,0
244,battle,0,1
245,bc,3,0
246,beach,1,0
247,beat,1,0
248,beautiful,1,7
249,became,2,1
250,become,3,2
251,becomes,1,0
252,becoming,2,1
253,bed,16,0
254,bee,1,0
255,beekeeper,0,1
256,beepy,0,3
257,beforehand,2,0
258,beforeor,1,0
259,began,11,0
260,begin,2,0
261,beginning,3,1
262,behavior,0,1
263,behavioral,2,0
264,behaviour,1,0
265,behind,4,1
266,belief,2,0
267,believe,6,1
268,believed,1,0
269,believing,1,0
270,belly,1,0
271,belong,0,1
272,benefit,1,1
273,bernie,0,1
274,best,7,11
275,betrayed,1,0
276,better,21,14
277,beverly,0,1
278,bid,0,1
279,big,4,12
280,bigger,1,0
281,biggest,2,1
282,bike,1,1
283,bikini,1,0
284,bipolar,5,0
285,bippy,0,2
286,bird,1,0
287,birth,0,1
288,birthday,1,6
289,bit,14,2
290,black,4,0
291,blacking,1,0
292,blade,6,0
293,blaming,1,0
294,blanket,0,1
295,bleed,2,0
296,bleeding,3,0
297,blend,1,0
298,blessed,1,0
299,blew,0,1
300,blind,1,0
301,blinded,1,0
302,blocked,2,1
303,blocking,1,0
304,blood,5,1
305,blue,0,1
306,board,1,0
307,body,14,0
308,bogo,0,1
309,bojack,0,1
310,bonding,0,1
311,bone,1,2
312,bonus,0,1
313,book,2,5
314,booked,1,0
315,bookworm,0,1
316,boom,1,0
317,boost,0,3
318,boot,0,2
319,border,1,1
320,borderline,1,0
321,boring,1,0
322,born,1,0
323,bos,3,1
324,boss,1,0
325,bot,0,1
326,bother,10,0
327,bothered,2,0
328,bothering,3,0
329,bothersome,1,0
330,bottle,1,1
331,bottom,0,1
332,bought,0,2
333,bounce,1,0
334,boundary,2,0
335,bout,1,0
336,bowel,0,1
337,bowl,1,1
338,boy,0,4
339,boyfriend,7,4
340,bpd,3,0
341,brace,3,1
342,bracket,1,0
343,brady,1,0
344,brag,0,1
345,brain,9,1
346,brave,0,2
347,break,5,2
348,breakdown,3,0
349,breakup,3,1
350,breath,0,2
351,breathe,1,0
352,breathing,1,0
353,brief,1,0
354,bright,0,3
355,brighten,0,1
356,brighter,0,1
357,brindle,0,1
358,bring,1,1
359,brings,1,1
360,broke,3,0
361,broken,1,1
362,brother,4,4
363,brought,2,2
364,brunch,0,1
365,brush,1,0
366,brushing,1,0
367,brutal,1,0
368,btw,1,0
369,bubble,0,1
370,bubbly,1,0
371,buddy,1,0
372,bug,1,0
373,build,1,1
374,buildabear,0,1
375,building,1,1
376,bullet,0,1
377,bullied,2,0
378,bullshit,2,0
379,bullying,4,0
380,bumped,1,0
381,bumping,1,0
382,bunch,0,1
383,burden,1,0
384,burn,4,0
385,burning,1,0
386,burnt,2,1
387,burst,1,0
388,bursting,1,0
389,bus,1,1
390,bushfires,0,1
391,buspar,1,0
392,busy,1,0
393,butchered,1,0
394,butyou,1,0
395,buy,3,3
396,bye,1,0
397,cake,0,4
398,calendar,1,0
399,calf,0,2
400,call,11,1
401,called,3,0
402,calm,1,0
403,came,6,5
404,cancel,0,1
405,cancelled,1,0
406,cancelling,1,0
407,candidly,1,0
408,candy,0,1
409,cannabis,1,0
410,cannot,5,1
411,cant,23,4
412,cap,0,1
413,capable,1,2
414,capital,0,1
415,capitalistic,0,1
416,captured,0,1
417,car,4,8
418,care,11,3
419,cared,1,0
420,career,1,4
421,caring,1,0
422,carrot,0,1
423,cartoon,0,1
424,carved,1,0
425,case,1,0
426,casual,1,0
427,cat,6,7
428,catatonic,1,0
429,category,1,0
430,caught,1,1
431,caused,6,0
432,causing,1,0
433,cbt,2,0
434,celebrate,0,2
435,celebrated,0,1
436,cell,0,2
437,ceremony,0,1
438,certain,4,0
439,certified,1,0
440,chair,1,1
441,challenge,0,1
442,challenging,0,1
443,chance,1,0
444,change,6,0
445,changed,2,3
446,changing,4,0
447,character,4,0
448,charade,1,0
449,charger,0,1
450,chat,1,0
451,chatting,1,0
452,check,1,0
453,checked,1,0
454,checking,1,0
455,checkup,1,0
456,cheek,1,1
457,cheer,0,1
458,cheered,0,1
459,cheery,1,0
460,cheeto,0,1
461,chemical,1,0
462,chemistry,1,0
463,chest,4,1
464,chew,1,0
465,chickened,1,0
466,chihuahua,0,1
467,child,3,4
468,childbirth,0,1
469,childhood,2,2
470,childrens,0,1
471,chill,1,0
472,chilled,0,1
473,chip,0,1
474,choirband,0,1
475,choked,1,0
476,choose,0,1
477,choosing,1,0
478,chore,1,0
479,chosen,0,1
480,christmas,1,1
481,chronic,3,1
482,cinema,1,0
483,circumstance,2,0
484,city,0,3
485,clarity,0,1
486,class,7,4
487,classmate,1,0
488,classroom,1,0
489,clean,10,3
490,cleaning,1,1
491,clear,2,0
492,clearly,3,1
493,clenching,1,0
494,cliche,0,1
495,client,0,1
496,clinical,1,0
497,clip,1,0
498,clipboard,1,0
499,clonazepam,1,0
500,close,10,0
501,closed,1,0
502,closer,0,1
503,closest,1,1
504,clothes,4,0
505,clothing,1,0
506,cloud,0,1
507,clunky,0,1
508,coach,2,0
509,coaster,0,1
510,coffee,0,1
511,coke,0,1
512,cold,2,0
513,colitis,1,0
514,collapse,1,0
515,college,4,4
516,combo,1,0
517,come,17,5
518,comfortable,1,1
519,comfortably,1,0
520,comforting,1,0
521,comfy,0,1
522,coming,5,3
523,comment,1,3
524,commentsthreads,0,1
525,commit,2,0
526,committed,1,0
527,common,2,0
528,communicate,1,0
529,communicated,1,0
530,communicating,1,0
531,communication,1,1
532,community,1,0
533,commute,0,1
534,comp,2,0
535,companion,0,1
536,company,3,3
537,compare,1,0
538,compared,3,0
539,complaining,1,0
540,complete,1,1
541,completed,0,1
542,completely,22,2
543,completion,0,1
544,complex,1,0
545,complies,1,0
546,comprehend,1,0
547,comprehendible,1,0
548,comprehensive,0,1
549,computer,5,0
550,concentrate,1,0
551,concentration,1,0
552,concern,2,0
553,condition,2,1
554,confidence,0,2
555,confident,1,2
556,conflicted,2,0
557,confronted,1,0
558,confused,4,0
559,confusion,1,0
560,congratulated,0,1
561,connection,0,1
562,conquering,0,1
563,consent,0,1
564,consider,3,0
565,considerable,1,0
566,considered,2,0
567,considering,1,0
568,consistently,1,0
569,consoling,1,0
570,constant,3,0
571,constantly,10,2
572,consume,1,0
573,contact,1,0
574,contacting,1,0
575,contagious,0,1
576,contain,1,0
577,content,1,0
578,contentness,0,1
579,continuation,1,0
580,continue,1,2
581,continued,2,0
582,continues,1,0
583,contributes,2,0
584,control,10,0
585,convention,0,1
586,conversation,2,1
587,convinced,1,0
588,convincing,1,0
589,cook,1,0
590,cookbook,0,1
591,cookie,0,1
592,cooky,0,1
593,cool,1,0
594,cope,2,0
595,coping,1,0
596,core,1,0
597,corner,1,0
598,coronavirus,0,1
599,correlated,1,0
600,cost,1,0
601,cosy,0,1
602,coteacher,0,1
603,couch,2,1
604,could,29,16
605,couldnt,11,2
606,couldt,1,0
607,couldve,0,1
608,counseling,1,0
609,count,4,1
610,counter,1,0
611,countless,1,0
612,country,0,3
613,couple,16,2
614,course,5,0
615,court,1,0
616,cousin,0,1
617,cover,1,0
618,covered,8,0
619,covering,4,0
620,coward,1,0
621,coworkers,2,0
622,cracked,0,1
623,crafting,0,1
624,crap,1,0
625,crash,1,0
626,crashed,1,0
627,craving,1,0
628,crazier,1,0
629,crazy,3,2
630,creak,1,0
631,created,1,0
632,creates,1,0
633,credit,2,0
634,creepy,1,0
635,cried,1,0
636,cringe,2,0
637,crippling,1,0
638,crisis,2,0
639,criticism,1,0
640,criticized,1,0
641,cropped,1,0
642,cross,0,1
643,crowded,1,0
644,crucially,1,0
645,crush,0,1
646,cry,9,3
647,cuddle,0,1
648,cured,1,0
649,curious,2,0
650,current,1,1
651,currently,5,0
652,curse,1,0
653,cut,25,0
654,cute,0,1
655,cutest,0,1
656,cutter,1,0
657,cutting,11,0
658,cuz,1,0
659,cycle,2,0
660,cylinder,1,0
661,dad,9,5
662,daily,5,1
663,dakota,1,0
664,damage,1,0
665,damaged,2,0
666,damn,1,0
667,dance,0,2
668,danced,0,1
669,dancing,0,1
670,danger,2,0
671,dark,2,1
672,date,1,1
673,dated,0,1
674,dating,0,1
675,daughter,1,5
676,dawg,0,1
677,day,53,41
678,daynight,0,1
679,dead,3,0
680,deal,10,3
681,dealing,4,0
682,dealt,5,0
683,death,5,0
684,debt,0,1
685,dec,1,0
686,decade,1,0
687,decayed,1,0
688,december,0,2
689,decent,0,1
690,decided,5,7
691,decision,2,2
692,dedication,1,0
693,deeeeep,0,1
694,deep,11,1
695,deeply,1,1
696,deficient,1,0
697,defined,1,0
698,definitely,3,2
699,degree,2,2
700,delicious,0,1
701,delusion,1,0
702,delusional,2,0
703,dementia,1,0
704,democracy,0,1
705,dependency,1,0
706,depending,0,1
707,depressed,17,1
708,depresses,1,0
709,depression,72,8
710,depressionanxiety,3,0
711,depressive,7,1
712,derealization,1,0
713,dermis,1,0
714,describe,1,0
715,description,2,0
716,desert,0,1
717,deserve,4,0
718,deserves,1,1
719,desire,2,0
720,desk,1,0
721,desperate,1,0
722,desperately,0,1
723,despise,2,0
724,despite,4,1
725,destination,0,1
726,destroy,1,0
727,destroyed,1,0
728,destroying,2,1
729,detail,2,0
730,detrimental,1,0
731,devastated,0,1
732,develop,1,0
733,developed,5,0
734,developing,3,0
735,development,1,0
736,devised,0,1
737,diagnose,1,0
738,diagnosed,38,0
739,diagnosis,6,0
740,diamond,0,1
741,dictate,0,1
742,didnt,4,2
743,die,5,0
744,died,3,0
745,diet,1,0
746,difference,3,2
747,different,8,4
748,differentiating,1,0
749,difficult,2,2
750,dig,1,0
751,dinner,1,0
752,direction,0,2
753,disability,1,0
754,disabled,1,0
755,disappeared,1,0
756,disappointed,2,0
757,disappointment,1,0
758,disassociate,3,0
759,disassociating,2,0
760,disc,0,1
761,disconcerting,1,0
762,disconnected,2,0
763,discovered,1,1
764,discus,1,0
765,disgusted,2,0
766,dish,0,1
767,disorder,20,1
768,disordered,1,0
769,disorganisation,1,0
770,disorganized,1,0
771,disoriented,1,0
772,dissociate,1,0
773,dissociation,2,0
774,dissolvable,1,0
775,distract,2,0
776,distracted,1,0
777,district,0,1
778,divorce,1,2
779,divorcing,0,1
780,dizzy,1,1
781,doctor,13,0
782,doesbut,1,0
783,doesnt,4,1
784,dog,5,13
785,donate,0,1
786,donated,0,2
787,donator,0,1
788,done,11,1
789,dont,28,5
790,doom,1,0
791,door,3,0
792,dopractice,0,1
793,dosage,1,1
794,dose,1,0
795,double,0,2
796,doubling,1,0
797,doubt,2,0
798,doughnut,0,1
799,down,1,0
800,downstairs,1,0
801,dozed,1,0
802,dozen,0,1
803,dragging,2,0
804,drained,1,0
805,draining,1,0
806,drama,0,1
807,dramatic,2,0
808,draw,1,0
809,drawing,0,1
810,dread,4,0
811,dream,18,6
812,dreamed,1,0
813,dreaming,1,0
814,dreamt,0,1
815,dress,0,3
816,drew,0,4
817,drinking,1,0
818,drive,4,2
819,driveway,0,2
820,driving,5,1
821,drop,1,0
822,dropped,2,0
823,dropping,0,1
824,drove,0,1
825,drown,3,0
826,drowning,1,0
827,drug,4,0
828,due,9,3
829,dug,2,0
830,dull,1,1
831,duloxetine,1,0
832,dumb,1,0
833,dumbest,0,1
834,dumped,1,0
835,dumping,0,1
836,dunno,2,0
837,dying,3,0
838,dyslexia,0,1
839,e,1,0
840,eagle,0,1
841,ear,1,0
842,earlier,1,1
843,early,2,1
844,earned,1,1
845,earning,0,1
846,earth,0,1
847,ease,1,0
848,easily,2,1
849,easy,2,0
850,eat,4,1
851,eaten,1,0
852,eating,12,3
853,economy,0,1
854,ect,2,0
855,ed,0,1
856,edge,1,0
857,edit,1,0
858,editor,0,1
859,edits,0,1
860,education,3,1
861,effect,5,0
862,effexor,2,0
863,effort,0,1
864,eight,2,1
865,either,9,0
866,elated,1,0
867,elbow,1,0
868,eldest,0,1
869,election,0,1
870,electrical,0,1
871,electrician,0,1
872,elementary,0,2
873,else,32,1
874,em,1,0
875,email,2,2
876,emailed,1,0
877,emdr,3,0
878,emo,2,1
879,emotion,5,0
880,emotional,5,1
881,emotionally,5,0
882,empty,3,0
883,encounter,0,1
884,encouraging,0,1
885,end,5,3
886,ended,4,3
887,ending,3,0
888,endofyear,0,1
889,energetic,1,0
890,energy,7,1
891,engaged,0,3
892,engagement,0,2
893,engineering,0,1
894,englishcreative,0,1
895,enjoy,4,1
896,enjoying,0,2
897,enough,17,4
898,entire,3,3
899,entirely,1,1
900,entryway,1,0
901,environment,0,2
902,episode,11,1
903,equated,1,0
904,er,3,0
905,escape,1,1
906,escaping,1,0
907,especially,9,2
908,estatic,0,1
909,esteem,2,2
910,et,0,1
911,etc,9,0
912,euphoric,1,0
913,evacuation,0,1
914,evaluated,1,0
915,evaluation,2,0
916,even,65,5
917,evening,0,1
918,event,4,2
919,eventually,6,1
920,ever,27,9
921,every,29,8
922,everyday,0,2
923,everyone,5,5
924,everything,24,7
925,everythings,1,0
926,evidenced,1,0
927,ex,5,1
928,exacerbating,1,0
929,exact,0,1
930,exactly,3,2
931,exam,2,2
932,example,7,0
933,except,4,0
934,excessively,1,0
935,exchanged,0,1
936,excited,4,11
937,exciting,1,0
938,excuse,5,0
939,executive,1,0
940,exercise,3,0
941,exercising,0,1
942,exhausted,4,1
943,exhausting,2,0
944,exist,1,1
945,existence,2,0
946,existential,1,0
947,existing,1,0
948,exitement,1,0
949,exorciststyle,1,0
950,expect,1,0
951,expectation,1,0
952,expecting,0,3
953,expects,2,0
954,expensive,0,1
955,experience,11,3
956,experienced,6,0
957,experiencing,2,0
958,explain,2,0
959,explained,1,0
960,explains,1,0
961,exposed,1,0
962,extinction,0,1
963,extra,0,2
964,extreme,5,0
965,extremely,16,1
966,eye,7,0
967,f,0,1
968,face,4,3
969,facebook,1,0
970,faced,1,0
971,facial,1,0
972,fact,6,1
973,factory,3,0
974,fade,2,0
975,faded,1,0
976,faggot,1,0
977,failed,1,2
978,failure,2,0
979,fair,4,0
980,fairly,3,0
981,faith,0,2
982,fake,1,0
983,faking,1,0
984,fall,6,2
985,falling,1,1
986,family,17,15
987,familyfriend,1,0
988,fan,2,0
989,fantastic,1,0
990,fantasy,0,1
991,far,4,5
992,fare,1,0
993,fast,2,0
994,faster,2,0
995,fat,3,2
996,fatass,1,0
997,father,2,4
998,fatigue,1,1
999,fatigued,1,0
1000,fault,2,0
1001,fave,0,1
1002,favorite,1,2
1003,favourite,1,0
1004,fb,2,0
1005,fear,6,1
1006,fed,1,0
1007,feel,130,33
1008,feeling,33,9
1009,fell,2,0
1010,fellow,1,1
1011,felt,13,6
1012,female,1,2
1013,feminist,1,0
1014,fianc,0,6
1015,fiance,0,1
1016,fibromyalgia,0,1
1017,fifty,1,0
1018,fight,2,0
1019,fighting,3,0
1020,figure,0,1
1021,figured,2,0
1022,fill,1,0
1023,film,2,3
1024,final,1,4
1025,finally,10,32
1026,finaly,0,1
1027,finance,1,0
1028,financial,1,0
1029,financing,1,0
1030,find,12,2
1031,finding,0,1
1032,fine,3,0
1033,finger,1,0
1034,finished,1,1
1035,finnaly,0,1
1036,fire,0,1
1037,fired,6,0
1038,firing,1,0
1039,firm,0,1
1040,first,14,39
1041,fish,1,0
1042,fist,2,0
1043,fit,4,3
1044,five,0,1
1045,fix,2,1
1046,fixed,1,1
1047,flashback,3,0
1048,flashing,1,0
1049,flaw,1,0
1050,flight,1,0
1051,flippin,0,1
1052,flower,0,2
1053,fluctuating,1,0
1054,flutter,0,1
1055,fly,1,0
1056,flying,0,1
1057,focus,2,0
1058,focused,2,0
1059,fog,0,1
1060,follow,1,0
1061,followed,1,0
1062,follower,0,1
1063,following,1,1
1064,follows,2,0
1065,food,5,0
1066,foot,1,1
1067,football,4,1
1068,force,2,1
1069,forced,4,0
1070,forearm,6,0
1071,forest,0,1
1072,forever,2,3
1073,forget,7,2
1074,forgetting,1,0
1075,forgive,1,0
1076,forgot,0,1
1077,form,2,0
1078,former,0,1
1079,forum,0,1
1080,forward,2,4
1081,fought,0,2
1082,found,7,7
1083,four,1,1
1084,fp,3,0
1085,fragile,0,1
1086,frame,2,0
1087,freaked,1,0
1088,freaky,1,0
1089,free,3,2
1090,freeway,1,0
1091,freeze,1,0
1092,frequently,1,0
1093,fresh,2,0
1094,fresher,1,0
1095,freshman,0,1
1096,friday,0,3
1097,fridge,1,1
1098,friend,30,16
1099,friendfamily,1,0
1100,friendly,1,1
1101,frog,0,3
1102,froggy,0,1
1103,front,2,1
1104,frontncenter,0,1
1105,frustrating,2,0
1106,frustration,1,0
1107,fuck,4,0
1108,fucked,6,0
1109,fucking,15,4
1110,fuckup,2,0
1111,fuel,1,0
1112,fulfilled,0,1
1113,full,4,4
1114,fully,2,0
1115,fun,4,1
1116,function,5,0
1117,functional,1,0
1118,functioning,1,0
1119,fund,0,1
1120,funeral,2,0
1121,funk,1,0
1122,funniest,1,0
1123,funny,5,1
1124,future,3,7
1125,fuuuuck,1,0
1126,gad,5,0
1127,gag,1,0
1128,gain,7,0
1129,gained,0,2
1130,gaining,2,0
1131,game,6,2
1132,gap,1,0
1133,gaping,3,0
1134,garbage,1,0
1135,gave,2,3
1136,gaze,0,1
1137,gehrig,0,1
1138,gen,0,1
1139,general,0,1
1140,generalises,1,0
1141,generalising,1,0
1142,generalize,1,0
1143,generalized,5,0
1144,generally,1,0
1145,generation,0,1
1146,genre,0,1
1147,genuinely,5,3
1148,gesture,1,2
1149,get,98,29
1150,getting,30,9
1151,gf,0,1
1152,gift,0,1
1153,giggling,1,0
1154,girl,9,3
1155,girlfriend,5,7
1156,give,18,4
1157,given,2,0
1158,giving,3,2
1159,glad,0,3
1160,glanced,1,0
1161,glaring,1,0
1162,glass,1,2
1163,glided,0,1
1164,glimpse,1,0
1165,glistening,1,0
1166,go,40,13
1167,goal,0,1
1168,god,2,3
1169,goddamn,0,1
1170,going,49,8
1171,gold,0,1
1172,golf,0,1
1173,gone,10,1
1174,gong,1,0
1175,gonna,6,1
1176,good,20,17
1177,goodbye,1,2
1178,goodness,0,1
1179,goofball,0,1
1180,gorilla,1,0
1181,got,45,35
1182,gotten,8,0
1183,gpa,0,1
1184,grab,1,0
1185,grabbed,2,0
1186,grade,3,6
1187,graduate,0,1
1188,graduated,1,2
1189,grandma,0,1
1190,grandpa,3,0
1191,graphic,1,0
1192,grass,0,1
1193,grateful,1,1
1194,grazing,1,0
1195,great,6,4
1196,greater,1,0
1197,grief,1,0
1198,grieving,0,1
1199,grip,0,1
1200,grossed,1,0
1201,grounded,1,0
1202,group,5,0
1203,grow,1,1
1204,growing,1,0
1205,grown,1,0
1206,grueling,0,1
1207,grumpy,0,1
1208,grunge,0,1
1209,guarantee,1,0
1210,guess,4,2
1211,guilt,1,0
1212,guilty,0,1
1213,gun,0,1
1214,gut,1,1
1215,guy,12,8
1216,gym,1,1
1217,habit,2,0
1218,hair,3,2
1219,haircut,0,1
1220,half,11,4
1221,halfway,1,0
1222,hall,1,0
1223,hallow,1,0
1224,hallucinating,1,0
1225,hallucination,12,0
1226,halo,0,1
1227,halospotlight,0,1
1228,halt,1,0
1229,hand,7,1
1230,handle,4,3
1231,handling,1,0
1232,handwriting,2,0
1233,hang,3,2
1234,hanging,1,0
1235,hapinnes,0,1
1236,happen,6,0
1237,happened,11,5
1238,happening,5,1
1239,happens,3,1
1240,happier,0,6
1241,happieror,0,1
1242,happiest,0,2
1243,happiness,2,2
1244,happy,11,66
1245,hard,13,6
1246,harder,5,0
1247,hardest,2,0
1248,hardly,4,1
1249,hardworking,0,1
1250,harm,28,1
1251,harmed,1,0
1252,harmers,4,0
1253,harming,3,1
1254,hasnt,1,1
1255,hate,26,3
1256,hated,2,1
1257,hater,0,1
1258,hatred,1,0
1259,haunt,1,0
1260,hav,0,2
1261,havent,2,2
1262,he,2,4
1263,head,10,2
1264,heal,1,0
1265,healed,0,1
1266,healing,1,0
1267,health,10,5
1268,healthcare,1,1
1269,healthy,2,3
1270,hear,12,0
1271,heard,3,0
1272,hearing,6,0
1273,heart,4,5
1274,hearted,0,1
1275,heartwarming,0,1
1276,heat,1,1
1277,heaven,1,1
1278,heavy,1,0
1279,heck,1,0
1280,heel,1,0
1281,held,1,0
1282,hell,4,0
1283,hello,0,1
1284,help,35,6
1285,helped,4,2
1286,helping,2,2
1287,here,0,6
1288,hero,1,0
1289,heroine,0,1
1290,hey,3,1
1291,heyfrom,1,0
1292,hi,3,2
1293,hid,2,0
1294,hidden,1,0
1295,hide,7,0
1296,hiding,1,0
1297,high,9,5
1298,higher,0,1
1299,highly,1,0
1300,hike,0,2
1301,hill,1,0
1302,hillbilly,0,1
1303,himbut,1,0
1304,hip,3,0
1305,hipa,1,0
1306,hired,0,1
1307,history,2,2
1308,hit,5,1
1309,hitting,1,0
1310,hive,1,0
1311,hobby,2,0
1312,hockey,1,0
1313,hold,3,1
1314,holding,2,0
1315,hole,2,1
1316,holiday,0,2
1317,home,16,5
1318,homebound,0,1
1319,homecoming,0,1
1320,homeless,3,0
1321,homeschooled,0,1
1322,homework,1,2
1323,homophobic,0,1
1324,honestly,9,2
1325,honor,0,1
1326,honouring,0,1
1327,hope,3,6
1328,hoped,1,1
1329,hopefully,2,2
1330,hopeless,3,1
1331,hoping,1,0
1332,horny,1,0
1333,horrible,8,1
1334,horribly,1,0
1335,horrific,1,0
1336,horrifies,1,0
1337,horrifying,1,0
1338,horror,2,0
1339,horseman,0,1
1340,hospital,8,1
1341,hospitalisation,1,0
1342,hospitalise,1,0
1343,hospitalization,2,0
1344,hospitalize,1,0
1345,hot,3,1
1346,hotline,1,0
1347,hour,15,5
1348,house,10,7
1349,however,3,3
1350,hr,1,0
1351,http,0,1
1352,hug,2,0
1353,huge,4,1
1354,hugely,1,0
1355,hulahoop,0,1
1356,human,3,3
1357,humangood,1,0
1358,humanity,0,1
1359,humor,0,1
1360,hundred,1,0
1361,hungarian,0,1
1362,hunger,1,0
1363,hungry,2,0
1364,hurt,12,1
1365,hurtful,1,0
1366,hurtin,1,0
1367,hurting,3,0
1368,husband,1,5
1369,hyperventilating,1,0
1370,hypothyroidism,1,0
1371,id,5,1
1372,idea,14,2
1373,identify,1,0
1374,identity,1,0
1375,idiot,3,1
1376,idiotic,1,0
1377,idk,3,1
1378,ifs,0,1
1379,ignorance,2,0
1380,ignore,3,0
1381,ignored,1,0
1382,ignores,1,0
1383,ill,9,0
1384,illness,11,0
1385,illustrated,0,1
1386,im,79,45
1387,ima,0,1
1388,image,1,2
1389,imaginary,1,0
1390,imagine,0,1
1391,imagined,0,1
1392,imbalance,1,0
1393,imitating,1,0
1394,immediate,1,0
1395,immediately,2,0
1396,immensely,1,0
1397,imnot,1,0
1398,imperfection,0,1
1399,implies,1,0
1400,implore,1,0
1401,important,2,0
1402,importantly,2,1
1403,impossible,4,0
1404,impression,1,0
1405,improve,4,1
1406,improved,1,0
1407,improving,1,0
1408,impulsive,2,0
1409,inability,1,0
1410,inactive,1,0
1411,inappropriately,1,0
1412,inattentive,1,0
1413,inbox,1,0
1414,incessant,1,0
1415,incident,3,0
1416,incline,1,0
1417,include,1,0
1418,including,3,0
1419,increased,1,0
1420,incredible,2,2
1421,incredibly,2,1
1422,indeed,0,1
1423,independence,0,1
1424,independent,1,0
1425,india,0,1
1426,indicated,1,1
1427,indicating,1,0
1428,infamy,1,0
1429,infested,1,0
1430,infrequent,1,0
1431,infront,1,0
1432,initially,2,0
1433,initiate,1,0
1434,injokes,0,1
1435,injure,1,0
1436,injured,2,0
1437,injury,3,0
1438,inner,3,0
1439,innocence,0,1
1440,inpatient,1,0
1441,insane,3,1
1442,insanely,0,2
1443,inside,4,1
1444,insomnia,1,0
1445,inspired,0,1
1446,insta,1,0
1447,instability,1,0
1448,installation,0,2
1449,instead,4,2
1450,instinctively,1,0
1451,insult,1,0
1452,insurance,2,0
1453,intelligence,0,1
1454,intense,7,0
1455,intensely,2,0
1456,interact,1,0
1457,interacting,1,0
1458,interest,1,0
1459,interested,1,0
1460,interesting,1,0
1461,interfere,1,0
1462,interfering,1,0
1463,internet,0,1
1464,intertwined,1,0
1465,intervention,0,1
1466,interview,4,1
1467,intimacy,1,0
1468,intruder,3,0
1469,invincible,1,0
1470,invisible,1,0
1471,invited,0,1
1472,involved,1,0
1473,iq,1,0
1474,irrational,2,0
1475,irritable,1,0
1476,irritated,3,0
1477,irritates,1,0
1478,ish,1,0
1479,isi,1,0
1480,island,0,1
1481,ismy,1,0
1482,isnt,2,1
1483,isolate,1,0
1484,isolated,1,0
1485,issue,19,0
1486,ive,50,22
1487,jail,1,0
1488,january,1,1
1489,japan,0,1
1490,jaw,1,0
1491,jealous,0,1
1492,jitter,1,0
1493,jk,0,1
1494,job,17,10
1495,john,0,1
1496,join,1,0
1497,joining,0,1
1498,joke,0,1
1499,journal,1,0
1500,journey,0,2
1501,journeyman,0,1
1502,joy,0,2
1503,jr,1,0
1504,july,1,0
1505,jump,1,0
1506,jumped,1,1
1507,jumper,1,0
1508,jumping,0,1
1509,june,2,1
1510,juni,0,1
1511,junior,1,0
1512,k,0,1
1513,karma,0,1
1514,karoke,0,1
1515,keekos,0,1
1516,keep,20,3
1517,keeping,2,1
1518,kept,7,0
1519,key,2,0
1520,keyed,0,1
1521,kick,1,0
1522,kicked,2,0
1523,kid,10,5
1524,kidney,2,0
1525,kill,15,0
1526,killed,2,1
1527,killing,5,1
1528,kilo,2,0
1529,kind,20,2
1530,kinda,4,1
1531,kindergarten,1,1
1532,kiraright,0,1
1533,kiss,1,4
1534,kitten,0,1
1535,kitty,0,2
1536,klonopin,4,0
1537,knee,2,0
1538,knew,7,0
1539,knife,3,0
1540,knock,2,0
1541,knocking,2,0
1542,know,86,8
1543,knowing,3,6
1544,knowledge,1,0
1545,known,2,0
1546,krabs,0,1
1547,l,1,0
1548,la,1,0
1549,label,0,1
1550,labor,0,1
1551,lack,4,0
1552,laid,1,0
1553,lake,0,1
1554,lamictal,1,0
1555,landlord,1,0
1556,lap,0,1
1557,laptop,0,1
1558,large,2,1
1559,largely,1,0
1560,last,31,12
1561,lasted,1,0
1562,late,2,3
1563,lately,7,1
1564,later,5,0
1565,laugh,4,1
1566,laughed,2,2
1567,laughsthank,1,0
1568,lay,2,0
1569,layer,1,0
1570,laying,4,1
1571,lazy,2,0
1572,lb,2,1
1573,le,5,0
1574,lead,2,0
1575,leaf,0,1
1576,leap,0,1
1577,learn,1,2
1578,learning,0,5
1579,learnt,1,0
1580,least,11,4
1581,leave,8,5
1582,leaving,1,2
1583,led,1,1
1584,leered,1,0
1585,left,18,5
1586,leg,6,0
1587,lemon,0,1
1588,lesbian,0,1
1589,lesson,3,1
1590,let,15,1
1591,letter,2,0
1592,letting,3,1
1593,level,2,3
1594,lewey,1,0
1595,lexapro,2,0
1596,liar,1,0
1597,library,0,3
1598,license,1,2
1599,lie,5,1
1600,lied,1,0
1601,life,49,36
1602,lifetime,0,1
1603,light,1,1
1604,lighter,5,0
1605,like,149,32
1606,likely,2,1
1607,limit,1,0
1608,line,2,0
1609,list,3,1
1610,listen,2,0
1611,listening,1,1
1612,literally,5,2
1613,lithium,0,1
1614,litter,0,1
1615,little,12,16
1616,littlethank,1,0
1617,live,13,4
1618,lived,2,2
1619,living,4,5
1620,loan,0,1
1621,local,1,2
1622,locked,0,1
1623,lol,0,2
1624,london,2,0
1625,lonely,2,0
1626,long,22,10
1627,longer,5,1
1628,longest,0,1
1629,look,24,11
1630,looked,6,2
1631,looking,9,2
1632,lookout,1,0
1633,lose,3,0
1634,loser,3,0
1635,losing,6,1
1636,loss,3,1
1637,lost,7,4
1638,lot,40,5
1639,loud,1,0
1640,loudly,2,0
1641,love,7,39
1642,loved,1,4
1643,lovely,0,4
1644,lover,0,1
1645,loving,2,1
1646,low,6,0
1647,lower,1,1
1648,lowest,1,2
1649,luckily,1,0
1650,lucky,0,1
1651,luigi,0,1
1652,lunch,0,1
1653,lying,3,0
1654,mac,0,1
1655,macho,1,0
1656,mad,3,0
1657,made,20,20
1658,maed,0,1
1659,mail,0,1
1660,main,4,0
1661,mainly,2,0
1662,maintained,0,1
1663,majesty,1,0
1664,major,14,2
1665,majority,3,0
1666,make,41,28
1667,makeover,0,1
1668,making,11,4
1669,male,6,0
1670,mall,1,0
1671,malnourished,1,0
1672,malnutrition,1,0
1673,mama,0,1
1674,man,2,8
1675,manage,3,0
1676,managed,3,2
1677,managing,1,0
1678,manic,1,0
1679,manipulative,1,0
1680,manner,1,0
1681,mantra,0,1
1682,many,16,6
1683,march,2,1
1684,mark,1,1
1685,marked,1,0
1686,marker,0,1
1687,marriad,0,1
1688,marriage,0,2
1689,married,1,4
1690,marry,0,3
1691,masochist,1,0
1692,massive,2,0
1693,master,0,1
1694,masterpiece,0,1
1695,mastiff,0,1
1696,match,0,1
1697,mate,1,1
1698,mater,1,0
1699,material,1,0
1700,math,1,0
1701,matience,1,0
1702,matter,7,5
1703,may,3,0
1704,maybe,8,2
1705,mba,0,1
1706,meal,0,2
1707,mean,6,5
1708,meaning,2,0
1709,meaningless,1,0
1710,meant,1,0
1711,meantime,0,1
1712,meanwhile,1,0
1713,meas,1,0
1714,meat,1,0
1715,mechanism,1,0
1716,med,13,0
1717,medical,1,0
1718,medicate,1,0
1719,medication,13,0
1720,mediocre,1,0
1721,meditation,1,0
1722,medium,2,1
1723,meet,0,2
1724,meeting,2,1
1725,mei,1,0
1726,melt,0,1
1727,melting,2,0
1728,member,1,1
1729,meme,1,0
1730,memory,9,1
1731,men,0,1
1732,mental,17,5
1733,mentally,4,1
1734,mention,2,0
1735,mentioned,4,0
1736,meow,2,0
1737,mess,6,0
1738,message,3,0
1739,messaged,1,1
1740,messed,1,0
1741,messing,1,0
1742,messy,2,0
1743,met,3,3
1744,meth,1,0
1745,mf,0,1
1746,mg,7,0
1747,mid,2,0
1748,middle,3,1
1749,might,6,5
1750,migraine,2,0
1751,mild,1,0
1752,milder,1,0
1753,mildmoderate,1,0
1754,mile,0,2
1755,milestone,0,1
1756,military,1,3
1757,million,1,0
1758,min,1,0
1759,mind,6,1
1760,minded,1,0
1761,mindfulness,1,0
1762,mindset,1,0
1763,mine,3,1
1764,mini,0,1
1765,minister,0,1
1766,minnesota,0,1
1767,mint,0,1
1768,minute,8,1
1769,mirror,1,0
1770,mirth,0,1
1771,misdiagnosed,1,0
1772,miserable,4,0
1773,miss,2,1
1774,missed,2,0
1775,mistake,2,1
1776,misunderstood,1,0
1777,mitigate,1,0
1778,miyuleft,0,1
1779,mo,1,0
1780,model,0,2
1781,moderate,1,0
1782,moderately,1,0
1783,mom,12,7
1784,moment,9,5
1785,monday,5,0
1786,mondaythursday,1,0
1787,money,1,4
1788,month,32,19
1789,mood,3,3
1790,moon,0,1
1791,morning,9,4
1792,moron,1,0
1793,morphed,1,0
1794,mostly,8,1
1795,mother,4,0
1796,motivate,1,0
1797,motivated,0,1
1798,motivation,3,0
1799,mouth,2,0
1800,move,5,3
1801,moved,2,3
1802,movie,4,0
1803,moving,3,0
1804,mph,1,0
1805,mr,0,1
1806,much,47,18
1807,mug,0,1
1808,multiple,7,1
1809,mum,3,0
1810,murs,0,1
1811,music,4,4
1812,muso,1,0
1813,must,3,0
1814,muttering,1,0
1815,n,0,1
1816,nailing,0,1
1817,name,2,2
1818,named,1,0
1819,narcissist,1,0
1820,narcolepsy,1,0
1821,natural,1,0
1822,naturally,1,0
1823,nature,0,2
1824,nauseous,2,0
1825,near,2,0
1826,nearly,2,1
1827,necessarily,2,0
1828,need,39,2
1829,needed,5,5
1830,negative,1,1
1831,negativity,0,3
1832,neglect,2,1
1833,neighbor,2,1
1834,neither,1,0
1835,nephew,1,0
1836,nerve,1,0
1837,nervous,3,1
1838,netflix,3,0
1839,never,33,15
1840,new,8,21
1841,news,0,2
1842,next,11,8
1843,nice,2,7
1844,nicely,1,0
1845,niece,1,1
1846,night,14,8
1847,nightmare,9,0
1848,nintendo,1,0
1849,noble,0,1
1850,nobody,10,0
1851,noise,2,0
1852,non,0,1
1853,none,4,1
1854,nonsensical,1,0
1855,noose,1,0
1856,nope,1,0
1857,normal,21,2
1858,normally,4,0
1859,nose,1,1
1860,note,3,1
1861,notebook,2,0
1862,nothing,22,1
1863,noticeable,1,0
1864,noticed,7,1
1865,notifies,1,0
1866,nowhere,2,0
1867,nugget,0,1
1868,numb,3,1
1869,number,1,2
1870,numetal,0,1
1871,nurse,1,0
1872,nutritionist,1,0
1873,obese,0,1
1874,objectively,1,0
1875,observation,0,1
1876,obsessed,1,0
1877,obvious,1,0
1878,occasionally,1,0
1879,occurrence,1,0
1880,october,1,0
1881,oddly,1,0
1882,offer,0,2
1883,offered,1,0
1884,office,6,0
1885,officer,1,0
1886,official,0,1
1887,officially,1,1
1888,often,10,1
1889,oftentimes,1,0
1890,ofwell,1,0
1891,oh,1,1
1892,ok,2,0
1893,okay,7,1
1894,old,16,6
1895,older,2,0
1896,olly,0,1
1897,one,39,13
1898,online,0,1
1899,onstage,0,2
1900,onto,1,0
1901,open,6,2
1902,opposite,1,0
1903,optimism,1,0
1904,option,3,0
1905,order,1,0
1906,ordered,0,2
1907,organ,1,0
1908,organized,1,0
1909,original,0,1
1910,orphan,1,1
1911,others,8,0
1912,ounce,1,0
1913,outalmost,1,0
1914,outer,1,0
1915,outgoing,1,0
1916,outing,1,0
1917,outpatient,0,1
1918,outside,2,1
1919,overall,0,1
1920,overboard,1,0
1921,overcame,0,2
1922,overcome,0,1
1923,overdose,1,0
1924,overheard,1,0
1925,overjoyed,0,1
1926,overlap,1,0
1927,overly,3,0
1928,overnights,1,0
1929,overpowered,1,0
1930,overridden,1,0
1931,overtaking,1,0
1932,overtime,2,0
1933,overwhelmed,6,0
1934,overwhelming,3,0
1935,owner,0,1
1936,ownership,1,0
1937,pack,0,2
1938,package,1,1
1939,page,0,1
1940,paid,0,2
1941,pain,7,0
1942,painfully,1,0
1943,paint,1,0
1944,panic,9,0
1945,panicked,1,0
1946,pant,0,1
1947,panther,1,0
1948,paper,1,0
1949,paralyzed,1,0
1950,paranoia,2,0
1951,paranoid,3,0
1952,parent,21,2
1953,parental,1,0
1954,pariah,1,0
1955,part,16,2
1956,particular,2,0
1957,particularly,3,0
1958,partner,5,2
1959,party,0,3
1960,pas,2,4
1961,passed,0,1
1962,passing,2,0
1963,passionate,1,0
1964,past,24,6
1965,pat,1,0
1966,patch,0,4
1967,path,0,1
1968,pathetic,1,0
1969,patient,1,0
1970,patriot,1,0
1971,patriotic,0,1
1972,paxil,1,0
1973,pay,3,0
1974,pdd,1,0
1975,peace,0,2
1976,peaceful,0,1
1977,pencil,0,1
1978,penmanship,1,0
1979,people,58,12
1980,perception,1,0
1981,perfect,3,1
1982,perfectly,0,1
1983,perform,0,1
1984,performance,5,0
1985,performed,0,1
1986,performing,0,1
1987,period,6,1
1988,person,6,6
1989,personality,3,1
1990,personally,3,0
1991,perspective,1,0
1992,pet,0,3
1993,petting,0,1
1994,pharmacy,1,0
1995,phenomenal,1,0
1996,phone,7,1
1997,photo,0,2
1998,photogenic,1,0
1999,photograph,0,1
2000,physical,6,0
2001,physically,7,1
2002,physiological,1,0
2003,pic,0,3
2004,pick,0,1
2005,picked,0,2
2006,picture,3,8
2007,picturing,0,1
2008,piece,2,1
2009,piling,1,0
2010,pill,2,0
2011,pin,1,0
2012,pinned,1,0
2013,pissed,2,0
2014,pit,0,1
2015,pity,3,0
2016,place,11,4
2017,placed,0,2
2018,placing,1,0
2019,plague,1,0
2020,plan,5,2
2021,planned,1,1
2022,planning,1,2
2023,plate,1,0
2024,play,0,1
2025,played,1,1
2026,playing,5,5
2027,please,1,1
2028,pleaseif,1,0
2029,pleasure,1,1
2030,plus,0,2
2031,plush,0,1
2032,pm,3,0
2033,pocket,1,0
2034,poetic,1,0
2035,point,17,3
2036,pointing,2,0
2037,pointless,2,0
2038,police,1,0
2039,pooch,0,1
2040,pooling,0,1
2041,poor,3,2
2042,pop,1,2
2043,portrait,0,1
2044,poser,1,0
2045,position,3,1
2046,positive,2,1
2047,positivity,1,0
2048,possessed,1,0
2049,possible,3,1
2050,post,5,7
2051,postcalm,1,0
2052,posted,5,1
2053,poster,0,1
2054,posting,2,1
2055,postive,0,1
2056,pot,1,0
2057,pound,1,1
2058,pounding,1,0
2059,pouring,0,1
2060,poverty,1,0
2061,power,1,1
2062,powered,0,1
2063,powerless,2,0
2064,practice,2,1
2065,praise,1,0
2066,prazosin,2,0
2067,precious,0,1
2068,pregnant,1,2
2069,prescribed,4,1
2070,prescription,1,0
2071,present,1,1
2072,president,0,1
2073,press,1,0
2074,pressing,1,0
2075,pressure,3,1
2076,pretend,1,0
2077,prettiest,1,0
2078,pretty,24,4
2079,prevent,3,0
2080,prevents,1,0
2081,previous,2,0
2082,price,0,1
2083,pricy,0,1
2084,pride,1,0
2085,principal,0,1
2086,prior,2,0
2087,prioritize,0,1
2088,prioritizing,0,1
2089,prison,1,0
2090,prisoner,0,1
2091,privacy,1,0
2092,private,1,0
2093,privileged,1,0
2094,probably,16,0
2095,problem,11,5
2096,process,1,2
2097,processing,1,0
2098,processis,1,0
2099,proclaimed,0,1
2100,production,0,1
2101,professional,1,1
2102,professionally,1,0
2103,program,5,4
2104,progress,0,1
2105,progressively,1,0
2106,prohibited,1,0
2107,prolonged,1,0
2108,promise,2,1
2109,promised,1,2
2110,promote,1,0
2111,proper,1,0
2112,properly,3,1
2113,property,1,0
2114,proud,1,9
2115,prove,1,0
2116,proving,1,0
2117,provision,1,0
2118,prozac,2,0
2119,psych,5,1
2120,psyched,0,1
2121,psychiatric,1,0
2122,psychiatrist,15,0
2123,psychological,2,0
2124,psychologist,5,0
2125,psychopath,1,0
2126,psychosis,5,0
2127,psychotic,4,0
2128,psycological,1,0
2129,ptsd,27,0
2130,public,4,1
2131,published,0,1
2132,pull,1,0
2133,pulling,0,1
2134,punched,1,0
2135,punching,1,0
2136,punishment,1,0
2137,punk,0,2
2138,pup,0,1
2139,pupper,0,1
2140,puppy,1,1
2141,purchased,0,1
2142,purposely,1,0
2143,push,3,0
2144,pushed,1,0
2145,pushing,1,1
2146,put,9,6
2147,putting,1,0
2148,python,0,1
2149,quality,2,0
2150,quarter,1,2
2151,quarterback,1,0
2152,question,4,0
2153,questioning,1,0
2154,quietly,1,0
2155,quirky,1,0
2156,quit,2,3
2157,quite,18,0
2158,quitting,1,0
2159,quote,1,0
2160,radio,1,0
2161,railroad,1,0
2162,rain,0,1
2163,raise,1,0
2164,ran,1,0
2165,randomly,1,0
2166,range,1,0
2167,rant,1,0
2168,raped,1,0
2169,rapidcycling,1,0
2170,rare,0,1
2171,rarely,0,1
2172,rate,1,0
2173,rather,3,0
2174,rattle,1,0
2175,raw,1,0
2176,razor,3,0
2177,rd,0,2
2178,rdepression,1,0
2179,reach,1,1
2180,reached,1,0
2181,react,1,0
2182,read,8,3
2183,reading,4,2
2184,ready,1,2
2185,reaffirmed,0,1
2186,real,9,1
2187,realise,4,0
2188,realised,6,0
2189,realising,1,0
2190,reality,4,0
2191,realize,2,0
2192,realized,2,2
2193,realizing,0,1
2194,really,72,19
2195,reason,14,4
2196,reasonable,1,0
2197,reassuring,1,0
2198,recall,0,2
2199,receive,0,1
2200,received,2,0
2201,recent,1,0
2202,recently,18,4
2203,recipe,0,1
2204,recite,1,0
2205,recognize,0,1
2206,record,0,1
2207,recorded,0,3
2208,recover,1,0
2209,recovering,0,1
2210,recovery,2,0
2211,red,1,1
2212,reddit,3,3
2213,redditors,0,1
2214,redundance,0,1
2215,reenrolled,0,1
2216,reexperience,1,0
2217,refer,1,0
2218,referee,1,0
2219,referral,1,0
2220,referred,1,0
2221,refill,1,0
2222,reflecting,1,0
2223,refuse,4,0
2224,refusing,1,0
2225,regarding,0,1
2226,regardless,1,0
2227,regret,1,0
2228,regular,1,0
2229,regularly,4,0
2230,regulatory,1,0
2231,rehome,0,1
2232,rejected,1,0
2233,relapse,3,0
2234,relapsed,1,0
2235,relatable,0,1
2236,relate,3,0
2237,related,3,0
2238,relationship,14,2
2239,relaxed,1,0
2240,relaxing,1,0
2241,reliable,1,0
2242,relief,3,1
2243,relieved,1,0
2244,religion,0,1
2245,relive,0,1
2246,remains,3,0
2247,remember,18,6
2248,remembered,1,1
2249,remembering,1,0
2250,remind,1,2
2251,reminded,0,1
2252,reminder,2,1
2253,reminds,0,1
2254,reminiscing,1,0
2255,remodeling,0,1
2256,remotely,1,0
2257,removed,0,3
2258,rent,1,0
2259,rental,1,0
2260,repeatedly,3,0
2261,repeating,1,1
2262,replace,1,1
2263,reply,1,0
2264,repost,0,1
2265,reposts,0,1
2266,representative,0,1
2267,requiring,1,0
2268,rescue,0,3
2269,rescued,0,1
2270,resembled,0,1
2271,resentment,1,0
2272,resized,0,1
2273,resolved,0,1
2274,resource,2,1
2275,respect,1,0
2276,respond,2,0
2277,responded,0,1
2278,response,3,1
2279,rest,2,3
2280,restored,0,1
2281,restroom,0,1
2282,result,2,2
2283,resulted,1,1
2284,resulting,2,0
2285,retired,0,1
2286,return,0,1
2287,returned,1,1
2288,reveals,1,0
2289,rfoodporn,0,1
2290,rid,3,0
2291,ride,1,1
2292,ridiculous,1,0
2293,ridiculously,1,0
2294,right,25,7
2295,ring,0,3
2296,riot,0,1
2297,rip,1,0
2298,rise,0,1
2299,risking,2,0
2300,ritualistic,1,0
2301,rn,0,2
2302,road,0,1
2303,robot,0,1
2304,rock,0,3
2305,role,0,3
2306,rolled,1,1
2307,roller,0,1
2308,romania,0,1
2309,romantic,2,1
2310,roof,3,0
2311,room,7,1
2312,rope,2,0
2313,rosie,0,1
2314,rotting,1,0
2315,rough,0,2
2316,round,0,2
2317,routine,1,1
2318,row,1,0
2319,rstopdrinking,0,1
2320,ruin,2,0
2321,ruining,2,0
2322,rule,1,0
2323,run,2,1
2324,rundown,1,0
2325,running,1,0
2326,rush,1,0
2327,russia,0,1
2328,russicafication,0,1
2329,s,0,1
2330,sad,9,2
2331,sadbut,0,1
2332,sadness,1,1
2333,safe,0,1
2334,safety,1,0
2335,said,17,5
2336,saint,0,1
2337,sat,5,1
2338,satisfied,0,1
2339,satisfy,1,0
2340,satisfying,1,0
2341,saturday,0,1
2342,saving,0,2
2343,saviour,1,0
2344,saw,4,2
2345,say,16,1
2346,saying,5,0
2347,scale,1,0
2348,scar,31,0
2349,scare,5,0
2350,scared,8,2
2351,scaring,1,0
2352,scarred,5,0
2353,scarring,4,0
2354,scary,2,1
2355,scattered,1,0
2356,scenario,2,0
2357,schedule,2,0
2358,schizophrenia,4,0
2359,schizophrenic,4,0
2360,school,35,14
2361,schoolbut,0,1
2362,schooling,1,0
2363,scitzoaffective,1,0
2364,score,0,1
2365,scraping,1,0
2366,scratch,1,1
2367,scream,1,0
2368,screaming,1,0
2369,screen,1,0
2370,scrolling,1,0
2371,season,4,0
2372,seat,1,0
2373,seating,1,0
2374,second,13,6
2375,securely,1,0
2376,see,34,13
2377,seeing,8,5
2378,seek,1,0
2379,seeker,2,0
2380,seeking,2,0
2381,seem,11,0
2382,seemed,6,1
2383,seemingly,1,0
2384,seems,1,0
2385,seen,4,5
2386,self,48,6
2387,selfaware,1,0
2388,selfcrusher,1,0
2389,selfexplanatory,2,0
2390,selfhatred,0,1
2391,selfie,0,1
2392,selfish,3,0
2393,selfneglect,0,1
2394,sell,1,0
2395,semester,1,3
2396,send,0,1
2397,sending,1,0
2398,sensation,1,0
2399,sense,7,1
2400,sensible,1,0
2401,sensitive,2,0
2402,sent,1,2
2403,september,1,0
2404,series,1,0
2405,serious,1,0
2406,seriously,3,0
2407,seroquel,4,0
2408,session,4,0
2409,set,1,1
2410,setting,1,1
2411,several,4,1
2412,severe,11,2
2413,severely,2,0
2414,sex,3,0
2415,sexiness,0,1
2416,sexual,4,0
2417,sexuality,2,0
2418,sexually,4,0
2419,sfw,0,1
2420,shadow,1,0
2421,shake,2,0
2422,shakey,1,0
2423,shaking,3,0
2424,shaky,1,0
2425,shallow,1,0
2426,shame,1,0
2427,share,1,4
2428,sharing,0,2
2429,sharpened,0,1
2430,sharpest,1,0
2431,shave,1,0
2432,shaving,1,0
2433,sheer,1,0
2434,shes,2,6
2435,shift,0,1
2436,shirt,0,1
2437,shit,10,1
2438,shitty,0,1
2439,shock,0,1
2440,shoe,0,1
2441,shop,0,1
2442,shopping,1,1
2443,short,6,1
2444,shorty,1,0
2445,shot,1,0
2446,shoulder,7,0
2447,shouldnt,1,0
2448,shouldve,1,0
2449,shouted,1,0
2450,show,5,5
2451,showed,2,0
2452,shower,2,0
2453,showered,2,0
2454,showing,1,0
2455,shown,1,1
2456,shut,1,0
2457,shutdown,2,0
2458,shy,0,2
2459,sibling,2,0
2460,sick,4,1
2461,side,4,1
2462,sideeffects,1,0
2463,sidewalk,1,1
2464,sigh,1,0
2465,sight,0,1
2466,sign,1,0
2467,significant,3,0
2468,silence,1,0
2469,silliness,0,1
2470,silver,0,1
2471,similar,4,0
2472,simple,0,1
2473,simply,2,0
2474,since,34,10
2475,singing,0,3
2476,single,5,2
2477,sister,7,6
2478,sit,7,1
2479,sitting,9,0
2480,situation,2,1
2481,six,2,3
2482,skating,0,1
2483,skeleton,1,0
2484,skill,3,1
2485,skin,2,1
2486,skinny,1,0
2487,sky,0,2
2488,slam,1,0
2489,sleep,18,2
2490,sleepaids,1,0
2491,sleepdream,1,0
2492,sleeping,5,1
2493,sleeve,5,0
2494,slept,3,0
2495,slicing,1,0
2496,slight,1,0
2497,slightest,2,0
2498,slightly,4,0
2499,sling,1,1
2500,slip,2,0
2501,slipping,1,0
2502,slow,3,0
2503,slowed,1,0
2504,slowly,0,1
2505,small,4,2
2506,smallest,1,0
2507,smart,2,1
2508,smash,2,0
2509,smile,0,14
2510,smiled,0,1
2511,smiley,1,0
2512,smiling,0,6
2513,smoke,1,0
2514,smoking,1,1
2515,smoothly,1,0
2516,sn,1,0
2517,snack,0,1
2518,snap,2,0
2519,snapped,1,0
2520,snow,0,3
2521,snowing,0,1
2522,sobbing,1,0
2523,sober,0,3
2524,sobriety,0,1
2525,soccer,1,0
2526,sociable,1,0
2527,social,4,4
2528,socialize,1,0
2529,socializing,1,0
2530,society,1,0
2531,socket,1,0
2532,solace,1,0
2533,sold,0,1
2534,sole,0,1
2535,solo,0,1
2536,solve,0,1
2537,solved,0,1
2538,someday,1,1
2539,somehow,2,0
2540,someone,14,5
2541,someoneanyone,1,0
2542,something,34,8
2543,sometimes,10,0
2544,somewhere,3,0
2545,son,1,5
2546,song,1,3
2547,soon,2,1
2548,sophomore,4,0
2549,sorry,4,0
2550,sort,3,1
2551,sorted,0,1
2552,soul,1,1
2553,sound,4,1
2554,sounding,1,0
2555,south,2,1
2556,spa,0,1
2557,space,2,2
2558,spare,1,0
2559,speak,2,0
2560,special,3,2
2561,specializing,0,1
2562,specific,3,0
2563,specifically,1,0
2564,speed,2,0
2565,spend,3,0
2566,spends,1,0
2567,spent,1,0
2568,spike,1,0
2569,spilled,1,0
2570,spiraled,1,0
2571,spiralling,1,0
2572,spirited,1,0
2573,split,1,0
2574,spoken,1,0
2575,spoonfork,1,0
2576,sport,2,1
2577,spotty,1,0
2578,spraining,1,0
2579,spring,0,1
2580,spunky,0,1
2581,squish,1,0
2582,stabbing,1,0
2583,stable,1,1
2584,stage,0,1
2585,stand,4,0
2586,stanford,1,0
2587,star,1,0
2588,stare,1,0
2589,stared,1,0
2590,staring,3,0
2591,start,14,6
2592,started,19,11
2593,starting,11,4
2594,startup,1,0
2595,state,7,3
2596,staticy,1,0
2597,stating,1,0
2598,station,0,1
2599,statistic,1,0
2600,statistically,1,0
2601,staunch,1,0
2602,stay,3,2
2603,staycation,1,0
2604,stayed,1,1
2605,staying,3,0
2606,stealing,1,0
2607,steam,1,1
2608,stem,0,1
2609,stemmed,1,0
2610,stemming,1,0
2611,step,1,3
2612,stepdad,0,1
2613,stepmother,1,0
2614,stepsrolls,0,1
2615,stick,1,2
2616,still,32,9
2617,stimulus,1,0
2618,stitch,1,0
2619,stoked,0,1
2620,stolen,0,1
2621,stomach,2,0
2622,stomachache,1,0
2623,stone,2,0
2624,stop,18,3
2625,stopped,6,1
2626,stopping,1,0
2627,store,2,0
2628,story,6,1
2629,straight,1,0
2630,straightened,0,1
2631,stranger,2,2
2632,strategy,1,0
2633,streak,1,0
2634,strength,1,0
2635,stress,3,3
2636,stressed,0,1
2637,stressful,0,2
2638,stride,0,1
2639,stromboli,0,1
2640,strong,4,1
2641,stronger,1,0
2642,strongly,1,0
2643,struggle,3,0
2644,struggled,3,2
2645,struggling,3,4
2646,stuck,4,1
2647,student,6,8
2648,study,3,0
2649,studying,3,0
2650,stuff,9,2
2651,stupid,6,0
2652,stupidness,1,0
2653,sub,1,1
2654,subject,0,1
2655,subtype,1,0
2656,success,1,0
2657,successfully,2,0
2658,suck,3,0
2659,sucked,0,2
2660,sucking,2,0
2661,suddenly,5,1
2662,suffer,4,0
2663,suffering,6,1
2664,suffers,1,0
2665,suffice,1,0
2666,sugar,1,0
2667,suggested,1,0
2668,suggestion,1,1
2669,suicidal,7,1
2670,suicidality,1,0
2671,suicide,17,0
2672,suicideocd,1,0
2673,summer,1,2
2674,sun,0,3
2675,sunday,0,3
2676,sunny,0,1
2677,sunrise,1,1
2678,sunshine,0,1
2679,super,10,7
2680,superbowl,0,1
2681,superiority,1,0
2682,superstar,0,1
2683,support,7,0
2684,supportive,2,0
2685,supposed,5,0
2686,suppress,1,0
2687,sure,24,1
2688,surface,1,0
2689,surplus,0,1
2690,surprise,0,4
2691,surprised,3,2
2692,surprising,1,1
2693,surrounding,1,0
2694,survive,2,0
2695,survived,0,1
2696,survivor,1,0
2697,suspected,1,0
2698,suspenseful,1,0
2699,sweating,2,0
2700,sweaty,1,0
2701,sweet,0,1
2702,sweetest,0,1
2703,swing,1,0
2704,swirling,1,0
2705,switch,2,0
2706,switched,2,0
2707,symptom,7,0
2708,table,1,0
2709,tablet,1,0
2710,tackling,0,1
2711,take,21,3
2712,taken,3,1
2713,taking,8,3
2714,talent,1,0
2715,talk,18,2
2716,talked,2,1
2717,talking,12,1
2718,tall,1,1
2719,tank,0,1
2720,target,1,0
2721,task,1,1
2722,tasting,1,0
2723,tattoo,0,4
2724,taught,0,1
2725,tax,0,1
2726,teach,0,2
2727,teacher,3,7
2728,teaching,0,4
2729,team,2,1
2730,teammate,0,1
2731,tear,1,2
2732,technically,1,0
2733,technique,1,0
2734,tee,0,1
2735,teen,1,0
2736,teenager,1,0
2737,teeth,2,3
2738,tell,11,2
2739,telling,6,4
2740,tempered,1,0
2741,tempted,1,0
2742,ten,0,1
2743,tend,3,0
2744,tends,2,0
2745,tennis,1,0
2746,term,2,2
2747,terminally,1,0
2748,terminology,1,0
2749,terrible,6,1
2750,terribly,1,0
2751,terrified,3,0
2752,test,4,2
2753,tested,1,0
2754,text,4,1
2755,texted,2,0
2756,th,6,0
2757,thank,3,4
2758,thankful,0,2
2759,thankfully,1,1
2760,thanks,2,4
2761,thats,2,1
2762,theater,0,4
2763,therapist,22,0
2764,therapy,15,2
2765,there,2,0
2766,therefore,2,0
2767,theyre,1,1
2768,theyve,1,0
2769,thick,0,1
2770,thigh,16,0
2771,thin,6,2
2772,thing,55,13
2773,think,35,6
2774,thinking,10,3
2775,tho,2,0
2776,though,8,3
2777,thought,36,4
2778,thoughtlike,1,0
2779,thousand,2,0
2780,threatening,1,0
2781,three,5,3
2782,threw,2,0
2783,throe,1,0
2784,throughout,2,1
2785,throw,1,1
2786,throwing,0,1
2787,thrown,1,0
2788,thru,1,1
2789,thursday,2,0
2790,thyroid,1,0
2791,tick,1,0
2792,ticket,0,2
2793,tie,0,1
2794,tiktok,0,1
2795,tiktoks,0,1
2796,till,1,1
2797,time,75,31
2798,tip,3,0
2799,tired,15,1
2800,tissue,2,0
2801,title,2,0
2802,today,17,38
2803,toddler,0,1
2804,together,5,6
2805,toilet,1,0
2806,told,25,2
2807,tolerate,1,0
2808,toll,1,0
2809,tom,1,0
2810,tomorow,1,0
2811,tomorrow,4,2
2812,ton,3,0
2813,tongue,2,0
2814,tonight,2,4
2815,took,7,4
2816,tooth,1,0
2817,top,5,1
2818,total,2,0
2819,totally,1,0
2820,touch,3,0
2821,touchthis,0,1
2822,tough,0,6
2823,tougher,1,0
2824,towards,3,2
2825,town,4,1
2826,toxic,1,0
2827,toxicity,0,1
2828,train,1,1
2829,trained,1,0
2830,trait,1,0
2831,trans,1,0
2832,transition,0,1
2833,trapped,2,0
2834,trauma,11,0
2835,traumatic,5,2
2836,travel,0,1
2837,treasure,0,1
2838,treat,1,0
2839,treating,1,0
2840,treatment,6,3
2841,tree,0,1
2842,trefoil,0,1
2843,tried,11,2
2844,trigger,1,0
2845,triggering,2,0
2846,trip,1,3
2847,trivial,0,1
2848,trouble,3,1
2849,true,1,4
2850,truly,3,2
2851,trust,2,0
2852,trusted,1,0
2853,truth,4,0
2854,try,13,4
2855,tryin,0,1
2856,trying,17,6
2857,tub,0,1
2858,tucked,1,0
2859,tumblr,1,0
2860,tumultuous,1,0
2861,turn,7,3
2862,turned,2,2
2863,tutor,0,1
2864,tutoring,1,0
2865,tv,4,0
2866,twin,0,1
2867,twist,1,0
2868,twitter,0,1
2869,two,7,16
2870,tying,1,0
2871,typical,1,0
2872,u,6,5
2873,ugallowboob,0,1
2874,ugfypxdez,0,1
2875,ugh,3,0
2876,uke,0,1
2877,ulcerative,1,0
2878,ultimatum,1,0
2879,umbrella,0,1
2880,unbearable,1,0
2881,unbridled,0,1
2882,uncle,1,1
2883,uncomfortable,2,1
2884,unconditional,0,2
2885,unconquerable,0,1
2886,uncontrollably,2,0
2887,underbite,0,1
2888,underestimate,0,1
2889,undergone,1,0
2890,underground,0,1
2891,underlying,1,0
2892,underneath,1,0
2893,understand,4,0
2894,understanding,1,1
2895,understands,1,0
2896,undiagnosed,1,0
2897,unemployed,1,0
2898,unexpectedly,0,1
2899,ungodly,1,0
2900,unhappy,0,1
2901,unhealthily,1,0
2902,unhealthy,2,0
2903,uni,1,1
2904,united,0,1
2905,universal,0,1
2906,university,2,0
2907,unknown,1,0
2908,unless,2,0
2909,unloved,2,0
2910,unmatched,0,1
2911,unmediated,1,0
2912,unprepared,0,1
2913,unprompted,0,1
2914,unrequited,0,1
2915,unsafe,1,0
2916,unscarred,2,0
2917,unsettling,1,0
2918,unstable,3,0
2919,unusual,1,0
2920,unwanted,2,0
2921,unwell,1,0
2922,uoset,1,0
2923,update,0,1
2924,updated,1,0
2925,upgraded,0,1
2926,uphill,0,1
2927,upper,2,0
2928,ups,0,1
2929,upset,4,0
2930,urge,6,0
2931,usd,0,1
2932,use,5,0
2933,used,23,3
2934,useful,0,1
2935,useless,3,0
2936,using,4,1
2937,usual,2,0
2938,usually,5,1
2939,utah,0,1
2940,utterly,1,0
2941,v,0,1
2942,vacation,0,1
2943,vacuum,0,1
2944,valentine,0,4
2945,validate,2,0
2946,validation,1,0
2947,valium,1,0
2948,valuable,1,0
2949,vanishing,1,0
2950,various,1,0
2951,vehicle,0,1
2952,vent,1,0
2953,venting,1,0
2954,verbally,1,0
2955,verge,1,0
2956,version,1,0
2957,vet,0,2
2958,veteran,0,1
2959,via,0,1
2960,vibrant,0,1
2961,vibrating,1,0
2962,vicious,1,0
2963,victoryi,0,1
2964,video,6,1
2965,view,1,0
2966,villain,1,0
2967,violated,1,0
2968,violence,1,0
2969,violent,1,0
2970,violently,1,0
2971,visible,1,0
2972,visit,0,2
2973,visited,0,1
2974,visiting,1,1
2975,visual,1,0
2976,vivid,3,0
2977,vividly,1,0
2978,voice,11,1
2979,voicemail,1,0
2980,vomiting,1,0
2981,vote,0,1
2982,vulnerable,1,0
2983,wail,3,0
2984,wailing,3,0
2985,wait,2,3
2986,waiting,3,1
2987,wake,2,3
2988,waking,2,1
2989,walk,3,1
2990,walked,4,0
2991,walking,4,3
2992,wall,3,0
2993,wallowing,0,1
2994,wane,1,0
2995,wanna,3,1
2996,want,70,11
2997,wanted,11,17
2998,wanting,4,3
2999,ward,4,1
3000,warm,0,2
3001,warned,1,0
3002,warped,1,0
3003,warthog,0,1
3004,washington,1,0
3005,wasnt,2,2
3006,waste,3,0
3007,wasted,1,1
3008,wasteful,1,0
3009,wasting,1,0
3010,watch,5,3
3011,watched,1,0
3012,watching,4,3
3013,water,3,0
3014,waved,0,2
3015,waving,0,1
3016,wax,2,0
3017,way,25,8
3018,weak,4,0
3019,wear,3,2
3020,wearing,4,1
3021,wedding,1,3
3022,week,36,11
3023,weekend,2,2
3024,weekly,1,0
3025,weekslong,0,1
3026,weening,2,0
3027,weighing,1,0
3028,weight,21,2
3029,weird,12,0
3030,weirdest,1,0
3031,weirdo,0,1
3032,welbutrin,1,0
3033,welcoming,0,1
3034,well,30,8
3035,wellbutrin,1,0
3036,went,19,9
3037,wet,0,1
3038,weve,0,1
3039,whack,1,0
3040,whatever,1,2
3041,wheel,1,1
3042,whelmed,0,1
3043,whelming,1,0
3044,whenever,6,0
3045,whens,1,0
3046,wherever,0,1
3047,whisper,1,0
3048,white,3,0
3049,whittled,0,1
3050,who,2,2
3051,whole,8,4
3052,wholesome,0,2
3053,wide,0,1
3054,widow,0,1
3055,wife,1,5
3056,wildfire,0,1
3057,win,2,0
3058,wind,1,0
3059,window,2,0
3060,wine,0,1
3061,winter,1,1
3062,wiring,0,1
3063,wise,0,1
3064,wish,3,1
3065,withdrawal,1,0
3066,within,1,0
3067,without,9,3
3068,woke,0,2
3069,woman,3,4
3070,wonder,2,1
3071,wonderful,1,9
3072,wondering,3,0
3073,wont,3,0
3074,word,2,1
3075,wordplay,0,1
3076,work,26,9
3077,worked,4,4
3078,worker,1,0
3079,working,6,4
3080,workout,1,0
3081,world,4,7
3082,worried,6,0
3083,worry,0,2
3084,worse,22,0
3085,worsened,2,0
3086,worst,4,0
3087,worth,7,2
3088,worthless,4,0
3089,would,46,8
3090,wouldnt,2,0
3091,wound,2,0
3092,wow,0,2
3093,wreck,1,0
3094,wrist,1,0
3095,write,4,1
3096,writing,2,1
3097,wrong,12,3
3098,wrote,3,1
3099,wtf,1,0
3100,wuhan,0,1
3101,x,1,2
3102,xanax,4,0
3103,xb,0,1
3104,xbox,0,1
3105,yall,0,1
3106,yay,0,1
3107,year,79,52
3108,yell,1,0
3109,yellow,1,0
3110,yes,0,2
3111,yesterday,7,6
3112,yet,6,3
3113,youll,0,2
3114,young,5,1
3115,youre,0,3
3116,youtube,1,1
3117,yoyo,0,1
3118,yukata,0,1
3119,yum,0,1
3120,z,1,0
3121,zero,1,2
3122,zipped,0,1
3123,zoloft,1,0
